"resourceType__type_", "resourceType__value_", "identifier__type_", "identifier__value__0__period__start_", "identifier__value__0__assigner__display_", "identifier__value__0__use_", "identifier__value__0__system_", "identifier__value__0__value_", "managingOrganization__type_", "managingOrganization__value__reference_", "_active__type_", "_active__value__extension__0__url_", "_active__value__extension__0__valueCode_", "name__type_", "name__value__0__given__0_", "name__value__0__given__1_", "name__value__0__use_", "name__value__0__family_", "name__value__1__given__0_", "name__value__1__use_", "extension__type_", "extension__value__0__url_", "extension__value__0__valueReference__reference_", "extension__value__0__valueReference__display_", "extension__value__1__url_", "extension__value__1__extension__0__url_", "extension__value__1__extension__0__valueCoding__system_", "extension__value__1__extension__0__valueCoding__code_", "extension__value__1__extension__0__valueCoding__extension__0__url_", "extension__value__1__extension__0__valueCoding__extension__0__extension__0__url_", "extension__value__1__extension__0__valueCoding__extension__0__extension__0__valueString_", "extension__value__1__extension__0__valueCoding__extension__1__url_", "extension__value__1__extension__0__valueCoding__extension__1__valueInteger_", "extension__value__1__extension__1__url_", "extension__value__1__extension__1__id_", "extension__value__1__extension__1__extension__0__url_", "extension__value__1__extension__1__extension__0__valueString_", "modifierExtension__type_", "modifierExtension__value__0__url_", "modifierExtension__value__0__valueDecimal_", "modifierExtension__value__1__url_", "modifierExtension__value__1__valueDecimal_", "gender__type_", "gender__value_", "birthDate__type_", "birthDate__value_", "deceasedBoolean__type_", "deceasedBoolean__value_", "address__type_", "address__value__0__use_", "address__value__0__line__0_", "address__value__0__city_", "address__value__0__state_", "address__value__0__postalCode_", "maritalStatus__type_", "maritalStatus__value__extension__0__url_", "maritalStatus__value__extension__0__valueCode_", "multipleBirthInteger__type_", "multipleBirthInteger__value_", "text__type_", "text__value__status_", "text__value__div_", "contained__type_", "contained__value__0__resourceType_", "contained__value__0__id_", "contained__value__0__contentType_", "contained__value__0__data_", "contained__value__1__resourceType_", "contained__value__1__id_", "contained__value__1__text__status_", "contained__value__1__text__div_", "contained__value__1__identifier__0__system_", "contained__value__1__identifier__0__value_", "contained__value__1__name_", "contact__type_", "contact__value__0__name__family_", "contact__value__0__name___family__extension__0__url_", "contact__value__0__name___family__extension__0__valueString_", "contact__value__0__name___family__extension__1__url_", "contact__value__0__name___family__extension__1__valueCode_", "contact__value__0__name___given__0__id_", "contact__value__0__name___given__0__extension__0__url_", "contact__value__0__name___given__0__extension__0__valueCode_", "contact__value__0__name__given__0_", "contact__value__0__name__given__1_", "contact__value__0__name__given__2_", "contact__value__0__relationship__0__coding__0__system_", "contact__value__0__relationship__0__coding__0__code_", "contact__value__0__telecom__0__system_", "contact__value__0__telecom__0__value_", "generalPractitioner__type_", "generalPractitioner__value__0__reference_", "telecom__type_", "telecom__value__0__use_", "telecom__value__1__system_", "telecom__value__1__value_", "telecom__value__1__use_"
"Property", "Patient", "Property", "2001-05-06", "Acme Healthcare", "usual", "urn:oid:1.2.36.146.595.217.0.1", "12345", "Property", "Organization/1", "Property", "http://example.org/fhir/StructureDefinition/recordStatus", "archived", "Property", "Peter", "James", "official", "Chalmers", "Jim", "usual", "Property", "http://example.org/fhir/StructureDefinition/patientAvatar", "#pic1", "Duck image", "http://example.org/fhir/StructureDefinition/complexExtensionExample", "nestedA", "http://demo.org/id/4", "AB45", "http://example.org/fhir/StructureDefinition/extraforcodingWithExt", "extra1", "extra info", "http://example.org/fhir/StructureDefinition/extraforcodingWithValue", "45", "nestedB", "q4", "nestedB1", "hello", "Property", "http://example.org/fhir/StructureDefinition/pi", "3.141592653589793", "http://example.org/fhir/StructureDefinition/max-decimal-precision", "1.0006502214162465", "Property", "male", "Property", "1974-12", "Property", "true", "Property", "home", "534 Erewhon St", "PleasantVille", "Vic", "3999", "Property", "http://example.org/fhir/StructureDefinition/nullFlavor", "ASKU", "Property", "3", "Property", "generated", "<div xmlns="http://www.w3.org/1999/xhtml">
      <table>
        <tbody>
          <tr>
            <td>Name<\/td>
            <td>Peter James <b>Chalmers<\/b> (&quot;Jim&quot;)<\/td>
          <\/tr>
          <tr>
            <td>Address<\/td>
            <td>534 Erewhon, Pleasantville, Vic, 3999<\/td>
          <\/tr>
          <tr>
            <td>Contacts<\/td>
            <td>Home: unknown. Work: (03) 5555 6473<\/td>
          <\/tr>
          <tr>
            <td>Id<\/td>
            <td>MRN: 12345 (Acme Healthcare)<\/td>
          <\/tr>
        <\/tbody>
      <\/table>
    <\/div>", "Property", "Binary", "pic1", "image/gif", "R0lGODlhEwARAPcAAAAAAAAA/+9aAO+1AP/WAP/eAP/eCP/eEP/eGP/nAP/nCP/nEP/nIf/nKf/nUv/nWv/vAP/vCP/vEP/vGP/vIf/vKf/vMf/vOf/vWv/vY//va//vjP/3c//3lP/3nP//tf//vf///////////////////////////////////////////////////////////////////////////////////////////////////////////////////////////////////////////////////////////////////////////////////////////////////////////////////////////////////////////////////////////////////////////////////////////////////////////////////////////////////////////////////////////////////////////////////////////////////////////////////////////////////////////////////////////////////////////////////////////////////////////////////////////////////////////////////////////////////////////////////////////////////////////////////////////////////////////////////////////////////////////////////////////////////////////////////////////////////////////////////////////////////////////////////////////////////////////////////////////////////////////////////////////////////////////////////////////////////////////////////////////yH5BAEAAAEALAAAAAATABEAAAi+AAMIDDCgYMGBCBMSvMCQ4QCFCQcwDBGCA4cLDyEGECDxAoAQHjxwyKhQAMeGIUOSJJjRpIAGDS5wCDly4AALFlYOgHlBwwOSNydM0AmzwYGjBi8IHWoTgQYORg8QIGDAwAKhESI8HIDgwQaRDI1WXXAhK9MBBzZ8/XDxQoUFZC9IiCBh6wEHGz6IbNuwQoSpWxEgyLCXL8O/gAnylNlW6AUEBRIL7Og3KwQIiCXb9HsZQoIEUzUjNEiaNMKAAAA7", "Organization", "org3141", "generated", "<div xmlns="http://www.w3.org/1999/xhtml">
      <p>Good Health Clinic<\/p>
    <\/div>", "urn:ietf:rfc:3986", "2.16.840.1.113883.19.5", "Good Health Clinic", "Property", "du Marché", "http://example.org/fhir/StructureDefinition/qualifier", "VV", "http://hl7.org/fhir/StructureDefinitioniso-21090#nullFlavor", "ASKU", "a3", "http://hl7.org/fhir/StructureDefinition/qualifier", "MID", "Bénédicte", "Denise", "Marie", "http://example.org/fhir/CodeSystem/patient-contact-relationship", "partner", "phone", "+33 (237) 998327", "Property", "#org3141", "Property", "home", "phone", "(03) 5555 6473", "work"